,Rank,POS,AVG,Sleeper,Player,Team,Bye,player_id,predicted_fantasy_points,position_group,replacement_value,vor,rank
10,11,WR4,10.7,,Michael Thomas,NO,9,00-0032765,258.9395,WR,17.357177734375,241.58233642578125,1.0
9,10,WR3,10.5,,Julio Jones,,,00-0027944,241.33035,WR,17.357177734375,223.97317504882812,2.0
4,5,WR1,5.3,,DeAndre Hopkins,,,00-0030564,239.95226,WR,17.357177734375,222.59507751464844,3.0
11,12,WR5,12.8,,Odell Beckham,BAL,8,00-0031235,237.12097,WR,17.357177734375,219.7637939453125,4.0
81,93,WR39,97.8,,Emmanuel Sanders,,,00-0027685,231.15187,WR,17.357177734375,213.79469299316406,5.0
48,50,WR21,49.0,,Cooper Kupp,LAR,9,00-0033908,228.59482,WR,17.357177734375,211.23764038085938,6.0
29,30,WR12,31.2,,Amari Cooper,CLE,7,00-0031544,226.6519,WR,17.357177734375,209.2947235107422,7.0
23,24,WR11,25.2,,Keenan Allen,LAC,12,00-0030279,224.71866,WR,17.357177734375,207.36148071289062,8.0
30,31,WR13,32.2,,Stefon Diggs,BUF,6,00-0031588,220.33572,WR,17.357177734375,202.97854614257812,9.0
1,2,RB2,2.5,,Christian McCaffrey,SF,4,00-0033280,294.37122,RB,93.71167755126953,200.65953826904297,10.0
34,35,WR14,35.2,,Julian Edelman,,,00-0027150,215.35507,WR,17.357177734375,197.99789428710938,11.0
12,13,RB8,13.2,,Todd Gurley,II,,00-0032241,289.286,RB,93.71167755126953,195.57433319091797,12.0
14,15,TE1,15.2,,Travis Kelce,KC,12,00-0030506,213.5218,TE,22.66002082824707,190.86178398132324,13.0
52,54,WR22,55.7,,Tyler Boyd,CIN,9,00-0033009,205.8292,WR,17.357177734375,188.47201538085938,14.0
15,16,WR7,15.7,,Tyreek Hill,MIA,5,00-0033040,203.46237,WR,17.357177734375,186.10519409179688,15.0
39,40,WR17,41.8,,Robert Woods,HOU,10,00-0030431,202.4344,WR,17.357177734375,185.0772247314453,16.0
7,8,WR2,7.5,,Davante Adams,LV,,00-0031381,198.55913,WR,17.357177734375,181.2019500732422,17.0
3,4,RB4,4.0,,Ezekiel Elliott,,,00-0033045,270.92688,RB,93.71167755126953,177.21520233154297,18.0
42,44,WR18,44.5,,Kenny Golladay,,,00-0033932,194.4796,WR,17.357177734375,177.12242126464844,19.0
26,27,TE3,28.5,,Zach Ertz,ARI,12,00-0030061,197.73233,TE,22.66002082824707,175.07230949401855,20.0
21,22,WR9,21.2,,Mike Evans,TB,7,00-0031408,188.83002,WR,17.357177734375,171.47283935546875,21.0
46,48,WR20,46.2,,Tyler Lockett,SEA,11,00-0032211,187.0255,WR,17.357177734375,169.66831970214844,22.0
37,38,WR15,38.8,,Brandin Cooks,DAL,8,00-0031236,186.26805,WR,17.357177734375,168.91087341308594,23.0
57,63,WR27,65.2,,Jarvis Landry,,,00-0031382,183.89915,WR,17.357177734375,166.54197692871094,24.0
2,3,RB3,2.5,,Alvin Kamara,NO,9,00-0033906,257.5966,RB,93.71167755126953,163.8849105834961,25.0
63,70,WR29,72.5,,Allen Robinson,PIT,7,00-0031428,176.62938,WR,17.357177734375,159.27220153808594,26.0
13,14,WR6,14.8,,JuJu Smith-Schuster,NE,10,00-0033857,175.564,WR,17.357177734375,158.20681762695312,27.0
82,94,WR40,98.7,,Curtis Samuel,WAS,10,00-0033282,171.32059,WR,17.357177734375,153.96340942382812,28.0
102,117,WR45,119.8,,Geronimo Allison,,,00-0032626,168.03651,WR,17.357177734375,150.67933654785156,29.0
85,97,WR41,100.2,,Larry Fitzgerald,,,00-0022921,167.90681,WR,17.357177734375,150.5496368408203,30.0
25,26,TE2,28.2,,George Kittle,SF,4,00-0033288,170.12799,TE,22.66002082824707,147.46796989440918,31.0
55,59,WR24,61.7,,Mike Williams,LAC,12,00-0033536,162.79239,WR,17.357177734375,145.43521118164062,32.0
79,91,WR37,94.8,,Corey Davis,NYJ,4,00-0033871,162.4505,WR,17.357177734375,145.09332275390625,33.0
183,208,WR68,208.8,,Albert Wilson,,,00-0030669,159.30939,WR,17.357177734375,141.95220947265625,34.0
74,83,WR33,85.5,,Dede Westbrook,,,00-0033839,157.15039,WR,17.357177734375,139.793212890625,35.0
0,1,RB1,1.0,,Saquon Barkley,NYG,11,00-0034844,232.70998,RB,93.71167755126953,138.99829864501953,36.0
185,210,WR70,216.2,,Ted Ginn,Jr.,,00-0025396,155.85306,WR,17.357177734375,138.49588012695312,37.0
45,47,WR19,46.0,,Chris Godwin,TB,7,00-0033921,153.61241,WR,17.357177734375,136.25523376464844,38.0
22,23,WR10,25.0,,Adam Thielen,CAR,7,00-0030035,153.16759,WR,17.357177734375,135.81040954589844,39.0
80,92,WR38,96.3,,Marvin Jones,DET,5,00-0029293,151.47241,WR,17.357177734375,134.115234375,40.0
184,209,WR69,216.0,,Randall Cobb,NYJ,4,00-0028002,149.62831,WR,17.357177734375,132.27113342285156,41.0
309,386,WR126,553.0,,Josh Reynolds,DET,5,00-0033943,149.36786,WR,17.357177734375,132.01068115234375,42.0
18,19,RB11,18.0,,Joe Mixon,CIN,9,00-0033897,221.95647,RB,93.71167755126953,128.24478912353516,43.0
130,149,WR54,148.7,,Anthony Miller,,,00-0034353,143.71313,WR,17.357177734375,126.35595703125,44.0
72,81,WR32,84.5,,Sammy Watkins,,,00-0031325,143.04094,WR,17.357177734375,125.68376159667969,45.0
160,183,WR60,201.2,,Cole Beasley,,,00-0029000,141.16855,WR,17.357177734375,123.81137084960938,46.0
137,157,WR55,157.5,,Jamison Crowder,NYG,11,00-0031941,140.9244,WR,17.357177734375,123.56721496582031,47.0
38,39,WR16,40.7,,T.Y. Hilton,,,00-0029608,139.35208,WR,17.357177734375,121.99490356445312,48.0
50,52,RB25,53.3,,James White,,,00-0031062,215.2151,RB,93.71167755126953,121.50342559814453,49.0
139,159,WR56,161.2,,John Brown,,,00-0031051,137.75395,WR,17.357177734375,120.39677429199219,50.0
93,107,WR43,111.7,,Courtland Sutton,DEN,10,00-0034348,136.3051,WR,17.357177734375,118.94792175292969,51.0
136,156,K6,157.2,,Ka'imi Fairbairn,HOU,10,00-0032726,116.621765,K,0.0,116.62176513671875,52.0
222,253,WR83,409.2,,Danny Amendola,,,00-0026035,133.77382,WR,17.357177734375,116.41664123535156,53.0
62,69,TE7,71.3,,Jared Cook,,,00-0027061,138.46173,TE,22.66002082824707,115.80171012878418,54.0
166,190,K12,221.3,,Jason Myers,SEA,11,00-0031492,115.31398,K,0.0,115.31398010253906,55.0
103,118,K2,122.2,,Justin Tucker,BAL,8,00-0029597,114.954956,K,0.0,114.9549560546875,56.0
59,66,RB27,68.3,,Tarik Cohen,,,00-0033556,207.38396,RB,93.71167755126953,113.67227935791016,57.0
159,182,K10,200.8,,Mason Crosby,,,00-0025580,112.67078,K,0.0,112.6707763671875,58.0
51,53,RB26,54.7,,Phillip Lindsay,,,00-0034109,206.11339,RB,93.71167755126953,112.4017105102539,59.0
118,135,K4,141.5,,Wil Lutz,NO,9,00-0032569,110.61005,K,0.0,110.61004638671875,60.0
31,32,RB15,32.3,,Aaron Jones,GB,11,00-0033293,204.09328,RB,93.71167755126953,110.38159942626953,61.0
117,134,WR50,138.0,,Golden Tate,,,00-0027891,127.29506,WR,17.357177734375,109.93788146972656,62.0
168,192,WR63,187.2,,Adam Humphries,,,00-0032009,126.996056,WR,17.357177734375,109.63887786865234,63.0
164,188,K11,210.3,,Brett Maher,,,00-0030332,107.951096,K,0.0,107.95109558105469,64.0
194,221,K15,242.2,,Aldrick Rosas,,,00-0032870,107.420204,K,0.0,107.42020416259766,65.0
146,166,K7,172.8,,Robbie Gould,,,00-0023252,106.757835,K,0.0,106.7578353881836,66.0
97,111,WR44,115.0,,Marquez Valdes-Scantling,KC,12,00-0034272,124.01258,WR,17.357177734375,106.65540313720703,67.0
112,128,K3,132.8,,Harrison Butker,KC,12,00-0033303,105.98163,K,0.0,105.98162841796875,68.0
177,201,WR67,197.8,,Kenny Stills,,,00-0030085,122.05841,WR,17.357177734375,104.70123291015625,69.0
24,25,RB12,25.8,,Leonard Fournette,,,00-0033856,198.35483,RB,93.71167755126953,104.64315032958984,70.0
275,322,WR106,538.7,,Chris Conley,SF,4,00-0032128,121.20338,WR,17.357177734375,103.84619903564453,71.0
344,463,WR151,659.5,,Jarius Wright,,,00-0029572,120.65677,WR,17.357177734375,103.29959106445312,72.0
95,109,K1,114.7,,Greg Zuerlein,NYJ,4,00-0029621,102.342155,K,0.0,102.34215545654297,73.0
127,145,WR52,147.5,,Tyrell Williams,,,00-0032160,119.45788,WR,17.357177734375,102.10070037841797,74.0
335,442,WR142,402.0,,Kendrick Bourne,NE,10,00-0033307,119.16463,WR,17.357177734375,101.80744934082031,75.0
186,211,TE25,216.6,,Tyler Eifert,,,00-0030549,124.10054,TE,22.66002082824707,101.44051933288574,76.0
189,214,K14,224.2,,Matt Prater,ARI,12,00-0023853,100.93704,K,0.0,100.93704223632812,77.0
138,158,DST8,159.5,,New England Patriots,DST,10,00-000001,190.55544,DST,90.17571258544922,100.37972259521484,78.0
65,72,WR30,74.5,,Josh Gordon,,,00-0029664,115.53778,WR,17.357177734375,98.18060302734375,79.0
170,194,TE21,191.2,,Jack Doyle,,,00-0030181,120.7405,TE,22.66002082824707,98.08048057556152,80.0
156,178,K8,196.0,,Jake Elliott,PHI,10,00-0033787,98.06407,K,0.0,98.06407165527344,81.0
252,291,K25,295.0,,Dustin Hopkins,LAC,12,00-0030098,97.25749,K,0.0,97.25749206542969,82.0
123,140,TE14,146.2,,Kyle Rudolph,,,00-0027981,119.79967,TE,22.66002082824707,97.13964653015137,83.0
36,37,RB19,38.7,,Derrick Henry,TEN,11,00-0032764,187.94482,RB,93.71167755126953,94.23314666748047,84.0
210,239,WR75,386.2,,Nelson Agholor,BAL,8,00-0031549,110.303215,WR,17.357177734375,92.94603729248047,85.0
75,86,WR35,87.7,,Sterling Shepard,NYG,11,00-0032385,109.752655,WR,17.357177734375,92.39547729492188,86.0
162,186,WR61,207.0,,Demaryius Thomas,,,00-0027874,109.43044,WR,17.357177734375,92.0732650756836,87.0
247,285,WR95,463.3,,David Moore,TB,7,00-0033589,109.22347,WR,17.357177734375,91.86629486083984,88.0
40,41,RB20,42.5,,Marlon Mack,,,00-0033951,185.31496,RB,93.71167755126953,91.60327911376953,89.0
53,56,TE5,57.5,,O.J. Howard,LV,,00-0033879,114.16364,TE,22.66002082824707,91.50362205505371,90.0
203,232,WR74,365.4,,DeVante Parker,NE,10,00-0031547,108.377975,WR,17.357177734375,91.02079772949219,91.0
110,126,WR48,131.2,,Michael Gallup,DAL,8,00-0034764,108.339386,WR,17.357177734375,90.98220825195312,92.0
352,471,WR157,468.5,,Isaiah McKenzie,IND,6,00-0033466,107.76632,WR,17.357177734375,90.40914154052734,93.0
16,17,RB9,16.0,,Nick Chubb,CLE,7,00-0034791,182.92757,RB,93.71167755126953,89.21588897705078,94.0
209,238,K19,274.2,,Stephen Hauschka,,,00-0025944,88.95934,K,0.0,88.95934295654297,95.0
358,485,WR162,580.0,,Zach Pascal,ARI,12,00-0033251,106.24587,WR,17.357177734375,88.8886947631836,96.0
286,334,WR110,552.3,,Breshad Perriman,IND,6,00-0032054,106.04125,WR,17.357177734375,88.68407440185547,97.0
537,1032,WR373,932.0,,Cody Latimer,,,00-0031344,105.81601,WR,17.357177734375,88.45883178710938,98.0
19,20,QB1,18.8,,Patrick Mahomes,KC,12,00-0033873,309.31305,QB,221.56175231933594,87.75129699707031,99.0
94,108,TE11,114.0,,Austin Hooper,LV,,00-0032392,109.75894,TE,22.66002082824707,87.09892082214355,100.0
303,369,K36,262.0,,Cody Parkey,,,00-0030850,86.817116,K,0.0,86.8171157836914,101.0
190,216,WR72,230.6,,DaeSean Hamilton,,,00-0034370,104.03344,WR,17.357177734375,86.67626190185547,102.0
212,242,K20,385.0,,Dan Bailey,,,00-0028660,86.61486,K,0.0,86.61486053466797,103.0
58,64,QB5,67.3,,Matt Ryan,,,00-0026143,307.83093,QB,221.56175231933594,86.26918029785156,104.0
120,137,TE13,143.3,,Greg Olsen,,,00-0025418,108.565796,TE,22.66002082824707,85.90577507019043,105.0
200,228,K17,248.4,,Matt Bryant,,,00-0020578,85.371864,K,0.0,85.37186431884766,106.0
76,87,QB10,88.3,,Jared Goff,DET,5,00-0033106,306.8787,QB,221.56175231933594,85.31694030761719,107.0
345,464,WR152,521.0,,Seth Roberts,,,00-0031166,101.384155,WR,17.357177734375,84.0269775390625,108.0
161,185,TE20,157.6,,Jimmy Graham,,,00-0027696,106.604805,TE,22.66002082824707,83.94478416442871,109.0
248,287,WR97,286.7,,Demarcus Robinson,LAR,9,00-0032775,100.79037,WR,17.357177734375,83.43318939208984,110.0
61,68,RB29,70.8,,Austin Ekeler,LAC,12,00-0033699,176.47054,RB,93.71167755126953,82.75885772705078,111.0
49,51,QB3,50.5,,Aaron Rodgers,NYJ,4,00-0023459,304.21637,QB,221.56175231933594,82.65461730957031,112.0
355,475,K47,617.0,,Randy Bullock,,,00-0029421,82.023895,K,0.0,82.02389526367188,113.0
89,103,WR42,107.5,,Dante Pettis,CHI,6,00-0034860,98.869705,WR,17.357177734375,81.51252746582031,114.0
257,296,K27,303.3,,Jason Sanders,MIA,5,00-0034794,79.5866,K,0.0,79.58660125732422,115.0
199,227,K16,247.2,,Chris Boswell,PIT,7,00-0031136,79.068985,K,0.0,79.06898498535156,116.0
71,80,TE8,84.2,,Vance McDonald,,,00-0030470,101.51339,TE,22.66002082824707,78.85336875915527,117.0
17,18,RB10,18.0,,Dalvin Cook,,,00-0033893,172.44754,RB,93.71167755126953,78.7358627319336,118.0
306,378,WR124,358.0,,Tavon Austin,,,00-0030525,95.5509,WR,17.357177734375,78.1937255859375,119.0
288,337,K32,545.7,,Daniel Carlson,LV,,00-0034161,77.184525,K,0.0,77.18452453613281,120.0
173,197,WR66,328.8,,Tre'Quan Smith,NO,9,00-0034765,92.943565,WR,17.357177734375,75.58638763427734,121.0
8,9,RB7,10.3,,James Conner,ARI,12,00-0033553,168.79504,RB,93.71167755126953,75.08336639404297,122.0
244,282,QB33,446.3,,Ryan Fitzpatrick,,,00-0023682,296.3923,QB,221.56175231933594,74.83055114746094,123.0
237,271,K23,292.5,,Josh Lambo,,,00-0032087,74.5141,K,0.0,74.51409912109375,124.0
280,328,TE38,319.0,,Blake Jarwin,,,00-0033658,96.95091,TE,22.66002082824707,74.29089164733887,125.0
254,293,WR99,481.0,,Robert Foster,,,00-0034510,91.60765,WR,17.357177734375,74.25047302246094,126.0
107,122,QB16,126.5,,Jameis Winston,NO,9,00-0031503,295.32343,QB,221.56175231933594,73.76167297363281,127.0
47,49,RB24,48.0,,Sony Michel,LAR,9,00-0034845,166.97096,RB,93.71167755126953,73.25928497314453,128.0
219,250,WR81,293.6,,Phillip Dorsett,LV,,00-0032208,89.80739,WR,17.357177734375,72.45021057128906,129.0
43,45,RB22,44.5,,Mark Ingram,II,,00-0027966,163.9963,RB,93.71167755126953,70.28462982177734,130.0
348,467,WR155,618.0,,Tajae Sharpe,,,00-0032778,86.72944,WR,17.357177734375,69.37226104736328,131.0
216,247,WR79,401.4,,Taylor Gabriel,,,00-0031228,86.72221,WR,17.357177734375,69.36503601074219,132.0
41,43,QB2,44.3,,Deshaun Watson,CLE,7,00-0033537,290.82053,QB,221.56175231933594,69.25877380371094,133.0
122,139,RB48,145.5,,Adrian Peterson,,,00-0025394,162.80989,RB,93.71167755126953,69.09821319580078,134.0
513,877,WR284,767.0,,Vyncint Smith,IND,6,00-0034631,85.88673,WR,17.357177734375,68.52954864501953,135.0
540,1036,WR374,944.0,,Allen Hurns,,,00-0030821,85.76644,WR,17.357177734375,68.40926361083984,136.0
182,206,TE24,208.2,,Dallas Goedert,PHI,10,00-0034351,90.836624,TE,22.66002082824707,68.17660331726074,137.0
125,143,TE15,146.3,,Mark Andrews,BAL,8,00-0034753,90.26802,TE,22.66002082824707,67.60799980163574,138.0
135,154,RB53,156.3,,Nyheim Hines,BUF,6,00-0034367,161.1376,RB,93.71167755126953,67.4259262084961,139.0
145,165,QB21,171.5,,Josh Allen,BUF,6,00-0034857,288.14636,QB,221.56175231933594,66.58460998535156,140.0
290,340,WR113,335.0,,Jake Kumerow,,,00-0031787,83.38328,WR,17.357177734375,66.0261001586914,141.0
66,73,RB31,76.7,,Kenyan Drake,,,00-0033118,158.96452,RB,93.71167755126953,65.25284576416016,142.0
106,121,QB15,125.8,,Dak Prescott,DAL,8,00-0033077,286.80606,QB,221.56175231933594,65.24430847167969,143.0
73,82,QB8,84.7,,Russell Wilson,DEN,10,00-0029263,286.61914,QB,221.56175231933594,65.05738830566406,144.0
167,191,RB58,226.3,,Ty Montgomery,NE,10,00-0032200,82.32978,WR,17.357177734375,64.97260284423828,145.0
272,317,K31,349.3,,Greg Joseph,MIN,12,00-0034450,64.769356,K,0.0,64.76935577392578,146.0
105,120,WR46,123.2,,James Washington,NO,9,00-0034676,81.933105,WR,17.357177734375,64.575927734375,147.0
128,147,WR53,148.5,,Keke Coutee,NO,9,00-0034366,81.10646,WR,17.357177734375,63.74928283691406,148.0
382,540,WR178,408.0,,Alex Erickson,,,00-0032543,80.781784,WR,17.357177734375,63.42460632324219,149.0
5,6,RB5,6.7,,David Johnson,,,00-0032187,156.42409,RB,93.71167755126953,62.71240997314453,150.0
60,67,RB28,68.7,,Tevin Coleman,,,00-0032058,155.68764,RB,93.71167755126953,61.97595977783203,151.0
304,370,TE46,354.0,,Jonnu Smith,ATL,9,00-0033858,84.0685,TE,22.66002082824707,61.40847587585449,152.0
108,123,QB17,126.5,,Philip Rivers,,,00-0022942,282.4276,QB,221.56175231933594,60.86585998535156,153.0
175,199,DST17,197.0,,Pittsburgh Steelers,DST,7,00-000002,150.86293,DST,90.17571258544922,60.687217712402344,154.0
69,78,QB7,81.0,,Carson Wentz,,,00-0032950,282.01593,QB,221.56175231933594,60.45417785644531,155.0
172,196,RB59,193.2,,Jalen Richard,,,00-0033025,153.67862,RB,93.71167755126953,59.966941833496094,156.0
434,661,WR208,529.0,,Justin Hardy,,,00-0031570,75.852936,WR,17.357177734375,58.495758056640625,157.0
104,119,RB43,122.2,,Peyton Barber,,,00-0032741,152.12474,RB,93.71167755126953,58.413063049316406,158.0
98,112,QB13,116.3,,Tom Brady,,,00-0019596,279.45044,QB,221.56175231933594,57.88868713378906,159.0
383,542,K54,410.0,,Cairo Santos,CHI,6,00-0031203,57.76497,K,0.0,57.76496887207031,160.0
276,324,TE37,532.0,,Cameron Brate,,,00-0031273,80.05754,TE,22.66002082824707,57.39752006530762,161.0
531,997,WR343,896.0,,Russell Gage,TB,7,00-0034411,74.5307,WR,17.357177734375,57.17352294921875,162.0
119,136,RB47,142.5,,Dion Lewis,,,00-0028087,149.89896,RB,93.71167755126953,56.187278747558594,163.0
289,338,TE41,540.0,,C.J. Uzomah,NYJ,4,00-0032134,78.15577,TE,22.66002082824707,55.49574851989746,164.0
260,299,TE33,313.3,,Jesse James,NO,9,00-0032135,77.575455,TE,22.66002082824707,54.91543388366699,165.0
153,174,TE18,189.0,,Darren Waller,NYG,11,00-0031610,77.2402,TE,22.66002082824707,54.58017539978027,166.0
514,881,TE155,772.0,,Darren Fells,,,00-0029738,76.52338,TE,22.66002082824707,53.86335563659668,167.0
195,222,DST20,243.4,,San Francisco 49ers,DST,4,00-000003,143.59271,DST,90.17571258544922,53.41699981689453,168.0
169,193,WR64,250.2,,Marquise Goodwin,CLE,7,00-0030068,70.67036,WR,17.357177734375,53.31317901611328,169.0
267,309,K30,329.7,,Zane Gonzalez,SF,4,00-0033862,52.841347,K,0.0,52.841346740722656,170.0
483,766,WR246,643.0,,Dontrelle Inman,,,00-0028411,68.03823,WR,17.357177734375,50.681053161621094,171.0
78,90,RB34,93.2,,Latavius Murray,BUF,6,00-0030513,144.01671,RB,93.71167755126953,50.305030822753906,172.0
124,141,QB18,146.2,,Kirk Cousins,MIN,12,00-0029604,271.8009,QB,221.56175231933594,50.23915100097656,173.0
411,598,WR191,452.0,,Javon Wims,,,00-0034426,67.48406,WR,17.357177734375,50.12688446044922,174.0
111,127,DST5,132.2,,Baltimore Ravens,DST,8,00-000004,139.4638,DST,90.17571258544922,49.28809356689453,175.0
67,74,RB32,77.2,,Duke Johnson,Jr.,,00-0032257,142.8582,RB,93.71167755126953,49.146522521972656,176.0
283,331,TE39,321.5,,Tyler Higbee,LAR,9,00-0033110,71.331116,TE,22.66002082824707,48.67109489440918,177.0
321,413,TE55,656.5,,Hayden Hurst,CAR,7,00-0034830,70.171555,TE,22.66002082824707,47.51153373718262,178.0
143,163,QB20,165.3,,Jimmy Garoppolo,LV,,00-0031345,265.82648,QB,221.56175231933594,44.26472473144531,179.0
433,659,WR207,527.0,,Damion Ratley,,,00-0034273,61.60467,WR,17.357177734375,44.247493743896484,180.0
239,273,RB73,433.0,,Gus Edwards,BAL,8,00-0034184,137.70308,RB,93.71167755126953,43.99140167236328,181.0
181,205,RB61,207.6,,Giovani Bernard,,,00-0030456,136.44978,RB,93.71167755126953,42.73810577392578,182.0
233,266,TE29,426.8,,Gerald Everett,LAC,12,00-0033895,64.69702,TE,22.66002082824707,42.03700065612793,183.0
312,390,K39,283.0,,Mike Nugent,,,00-0023482,42.01648,K,0.0,42.0164794921875,184.0
430,648,WR204,516.0,,Marcus Johnson,,,00-0032980,59.226112,WR,17.357177734375,41.868934631347656,185.0
331,429,WR138,633.0,,Jaron Brown,,,00-0030300,59.0694,WR,17.357177734375,41.712223052978516,186.0
235,269,K22,429.0,,Giorgio Tavecchio,,,00-0028907,41.43805,K,0.0,41.43804931640625,187.0
243,281,TE31,439.5,,Ian Thomas,CAR,7,00-0034365,63.78985,TE,22.66002082824707,41.12982749938965,188.0
403,582,TE86,437.0,,Nick Boyle,,,00-0031598,63.670357,TE,22.66002082824707,41.01033592224121,189.0
329,426,TE56,325.0,,Demetrius Harris,,,00-0030155,63.4604,TE,22.66002082824707,40.80037879943848,190.0
262,301,WR100,316.3,,Chris Hogan,,,00-0028237,58.14247,WR,17.357177734375,40.78529357910156,191.0
350,469,WR156,406.5,,Laquon Treadwell,BAL,8,00-0032951,57.534172,WR,17.357177734375,40.17699432373047,192.0
163,187,DST15,162.8,,New Orleans Saints,DST,9,00-000008,130.29622,DST,90.17571258544922,40.120506286621094,193.0
310,388,TE52,363.5,,Nick Vannett,,,00-0032394,62.257603,TE,22.66002082824707,39.59758186340332,194.0
54,58,QB4,59.7,,Baker Mayfield,TB,7,00-0034855,260.88464,QB,221.56175231933594,39.32289123535156,195.0
92,106,RB41,109.5,,Royce Freeman,,,00-0034838,132.95396,RB,93.71167755126953,39.242286682128906,196.0
88,102,DST2,107.0,,Los Angeles Rams,DST,9,00-000006,128.98528,DST,90.17571258544922,38.80956268310547,197.0
533,1003,TE186,902.0,,Jordan Akins,CLE,7,00-0034364,61.06382,TE,22.66002082824707,38.403799057006836,198.0
486,773,WR248,651.0,,Trent Sherfield,BUF,6,00-0034487,55.71484,WR,17.357177734375,38.357662200927734,199.0
90,104,RB39,108.0,,Matt Breida,NYG,11,00-0033308,132.03754,RB,93.71167755126953,38.32585906982422,200.0
351,470,K46,359.0,,Kai Forbath,LAR,9,00-0028787,37.75502,K,0.0,37.75502014160156,201.0
249,288,WR98,466.8,,John Ross,KC,12,00-0033460,54.86397,WR,17.357177734375,37.50679397583008,202.0
503,841,QB102,727.0,,Ryan Griffin,,,00-0030108,59.761806,TE,22.66002082824707,37.10178565979004,203.0
99,113,RB42,117.2,,Kareem Hunt,,,00-0033923,130.7829,RB,93.71167755126953,37.07122039794922,204.0
133,152,RB52,155.7,,Carlos Hyde,,,00-0031045,130.38097,RB,93.71167755126953,36.669288635253906,205.0
302,367,TE45,352.5,,Josh Hill,,,00-0030216,58.88076,TE,22.66002082824707,36.22073936462402,206.0
388,548,TE79,430.0,,Charles Clay,,,00-0028112,58.43094,TE,22.66002082824707,35.770917892456055,207.0
454,697,TE113,569.0,,Maxx Williams,,,00-0031558,57.605247,TE,22.66002082824707,34.94522666931152,208.0
435,664,WR209,532.0,,Auden Tate,,,00-0034686,51.77639,WR,17.357177734375,34.419212341308594,209.0
221,252,WR82,398.8,,Rashard Higgins,,,00-0032977,51.665268,WR,17.357177734375,34.30809020996094,210.0
157,179,DST13,196.7,,Buffalo Bills,DST,6,00-000009,124.17693,DST,90.17571258544922,34.001220703125,211.0
359,488,WR163,511.5,,Tim Patrick,DEN,10,00-0033375,50.940155,WR,17.357177734375,33.582977294921875,212.0
266,307,DST31,265.0,,Tampa Bay Buccaneers,DST,7,00-000010,122.988434,DST,90.17571258544922,32.812721252441406,213.0
174,198,DST16,195.8,,Kansas City Chiefs,DST,12,00-000005,122.72528,DST,90.17571258544922,32.54956817626953,214.0
368,505,TE71,383.0,,Jeremy Sprinkle,,,00-0033528,55.14485,TE,22.66002082824707,32.48483085632324,215.0
328,424,K43,324.0,,Sam Ficken,,,00-0033138,32.435658,K,0.0,32.4356575012207,216.0
204,233,DST23,255.0,,New York Jets,DST,4,00-000012,122.400276,DST,90.17571258544922,32.22456359863281,217.0
497,818,TE139,702.0,,Anthony Firkser,NE,10,00-0033455,54.64165,TE,22.66002082824707,31.981630325317383,218.0
116,133,RB46,135.0,,Jaylen Samuels,,,00-0034331,125.51781,RB,93.71167755126953,31.806129455566406,219.0
109,125,DST4,130.8,,Minnesota Vikings,DST,12,00-000007,121.4633,DST,90.17571258544922,31.28759002685547,220.0
193,219,DST19,235.4,,Tennessee Titans,DST,11,00-000011,121.35973,DST,90.17571258544922,31.18402099609375,221.0
467,727,WR225,603.0,,Richie James,KC,12,00-0034286,47.072586,WR,17.357177734375,29.715408325195312,222.0
196,224,DST21,246.0,,Indianapolis Colts,DST,6,00-000013,119.816154,DST,90.17571258544922,29.64044189453125,223.0
217,248,TE27,255.0,,Benjamin Watson,,,00-0022943,51.708084,TE,22.66002082824707,29.048063278198242,224.0
462,716,WR219,592.0,,Malik Turner,IND,6,00-0034867,45.739105,WR,17.357177734375,28.381927490234375,225.0
220,251,TE28,407.6,,Mike Gesicki,NE,10,00-0034829,50.919468,TE,22.66002082824707,28.25944709777832,226.0
422,633,TE96,499.0,,Jeff Heuerman,,,00-0032227,50.726967,TE,22.66002082824707,28.066946029663086,227.0
510,859,WR277,748.0,,Damiere Byrd,CAR,7,00-0031868,45.054348,WR,17.357177734375,27.69717025756836,228.0
360,489,TE69,370.0,,Rhett Ellison,,,00-0029587,50.24176,TE,22.66002082824707,27.58173942565918,229.0
285,333,TE40,550.0,,Will Dissly,SEA,11,00-0034159,50.116425,TE,22.66002082824707,27.456403732299805,230.0
443,675,TE108,544.0,,Luke Stocker,,,00-0028042,48.85498,TE,22.66002082824707,26.19495964050293,231.0
84,96,RB36,99.2,,LeSean McCoy,,,00-0027029,118.90881,RB,93.71167755126953,25.19713592529297,232.0
150,171,QB22,178.0,,Derek Carr,NO,9,00-0031280,246.50093,QB,221.56175231933594,24.939178466796875,233.0
151,172,DST12,179.7,,Philadelphia Eagles,DST,10,00-000015,115.07553,DST,90.17571258544922,24.899818420410156,234.0
33,34,RB17,34.3,,Damien Williams,,,00-0030874,118.596466,RB,93.71167755126953,24.884788513183594,235.0
187,212,RB62,220.0,,Frank Gore,,,00-0023500,118.34616,RB,93.71167755126953,24.634483337402344,236.0
475,745,TE123,621.0,,Logan Thomas,WAS,10,00-0031260,46.662136,TE,22.66002082824707,24.00211524963379,237.0
413,610,TE89,470.0,,Jacob Hollister,,,00-0033387,46.63536,TE,22.66002082824707,23.975339889526367,238.0
158,180,DST14,198.5,,Seattle Seahawks,DST,11,00-000014,113.8117,DST,90.17571258544922,23.635986328125,239.0
206,235,RB65,367.6,,Jamaal Williams,NO,9,00-0033948,116.10431,RB,93.71167755126953,22.39263153076172,240.0
291,341,TE42,335.0,,Ricky Seals-Jones,,,00-0033611,44.890694,TE,22.66002082824707,22.23067283630371,241.0
341,459,TE64,351.0,,Virgil Green,,,00-0028142,44.487476,TE,22.66002082824707,21.827455520629883,242.0
544,1044,RB260,973.0,,Raheem Mostert,MIA,5,00-0031687,114.0551,RB,93.71167755126953,20.343421936035156,243.0
378,531,WR177,447.5,,DeAndre Carter,LV,,00-0031763,36.97225,WR,17.357177734375,19.615074157714844,244.0
521,910,WR294,802.0,,Marvin Hall,,,00-0033094,36.637653,WR,17.357177734375,19.280475616455078,245.0
457,701,TE115,573.0,,Mo Alie-Cox,IND,6,00-0033217,40.38593,TE,22.66002082824707,17.725908279418945,246.0
405,584,TE87,438.0,,Nick O'Leary,,,00-0032117,40.06876,TE,22.66002082824707,17.40873908996582,247.0
444,676,QB88,545.0,,Kyle Allen,BUF,6,00-0034577,237.78113,QB,221.56175231933594,16.219375610351562,248.0
115,132,WR49,134.3,,Donte Moncrief,,,00-0031339,33.450703,WR,17.357177734375,16.093524932861328,249.0
101,115,DST3,118.5,,Jacksonville Jaguars,DST,10,00-000017,105.58861,DST,90.17571258544922,15.412895202636719,250.0
211,241,DST24,233.5,,Atlanta Falcons,DST,9,00-000021,104.44105,DST,90.17571258544922,14.265335083007812,251.0
384,543,TE78,411.0,,Robert Tonyan,CHI,6,00-0033757,36.371067,TE,22.66002082824707,13.71104621887207,252.0
332,432,RB115,664.5,,Bilal Powell,,,00-0028064,106.98186,RB,93.71167755126953,13.270179748535156,253.0
299,361,TE44,605.5,,Geoff Swaim,,,00-0032141,35.881855,TE,22.66002082824707,13.221834182739258,254.0
28,29,RB14,29.8,,Devonta Freeman,,,00-0031285,106.389984,RB,93.71167755126953,12.678306579589844,255.0
251,290,TE32,465.5,,Matt LaCosse,,,00-0031744,35.131767,TE,22.66002082824707,12.471746444702148,256.0
346,465,WR153,355.0,,Andre Roberts,,,00-0027691,29.746649,WR,17.357177734375,12.389471054077148,257.0
465,719,WR221,595.0,,KhaDarel Hodge,ATL,9,00-0034854,29.296495,WR,17.357177734375,11.93931770324707,258.0
305,375,TE48,267.0,,Blake Bell,KC,12,00-0032062,34.418694,TE,22.66002082824707,11.758672714233398,259.0
377,530,TE75,401.0,,Derek Carrier,,,00-0029119,34.40574,TE,22.66002082824707,11.745718002319336,260.0
192,218,DST18,234.4,,Green Bay Packers,DST,11,00-000016,101.60111,DST,90.17571258544922,11.425399780273438,261.0
476,746,WR234,622.0,,Marcell Ateman,BUF,6,00-0034747,28.733082,WR,17.357177734375,11.375904083251953,262.0
274,321,WR105,525.0,,Travis Benjamin,,,00-0029269,28.5955,WR,17.357177734375,11.238323211669922,263.0
197,225,RB63,319.4,,Chris Thompson,,,00-0030404,104.907394,RB,93.71167755126953,11.195716857910156,264.0
379,533,TE76,403.0,,Marcedes Lewis,,,00-0024243,33.040627,TE,22.66002082824707,10.380605697631836,265.0
149,169,DST11,176.7,,Dallas Cowboys,DST,8,00-000020,100.06111,DST,90.17571258544922,9.885398864746094,266.0
442,674,WR210,543.0,,Bobo Wilson,,,00-0033434,26.459618,WR,17.357177734375,9.102439880371094,267.0
201,229,DST22,249.4,,Carolina Panthers,DST,7,00-000022,99.13418,DST,90.17571258544922,8.958465576171875,268.0
354,474,TE67,361.0,,Adam Shaheen,,,00-0033896,30.889137,TE,22.66002082824707,8.229116439819336,269.0
140,160,DST9,163.2,,Cleveland Browns,DST,7,00-000025,97.84545,DST,90.17571258544922,7.66973876953125,270.0
404,583,WR187,499.5,,Justin Watson,KC,12,00-0034386,24.704107,WR,17.357177734375,7.346929550170898,271.0
141,161,DST10,163.5,,Houston Texans,DST,10,00-000024,97.17793,DST,90.17571258544922,7.002220153808594,272.0
472,739,TE122,615.0,,Seth DeValve,,,00-0033080,29.444153,TE,22.66002082824707,6.78413200378418,273.0
419,627,TE95,492.0,,Dan Arnold,PHI,10,00-0034011,28.455065,TE,22.66002082824707,5.7950439453125,274.0
313,393,RB100,365.5,,Wendell Smallwood,,,00-0032782,99.07486,RB,93.71167755126953,5.363182067871094,275.0
224,255,DST25,409.8,,Washington Commanders,DST,10,00-000023,95.15922,DST,90.17571258544922,4.9835052490234375,276.0
134,153,DST7,155.7,,Denver Broncos,DST,10,00-000019,94.96133,DST,90.17571258544922,4.785614013671875,277.0
447,684,WR212,555.0,,Darius Jennings,,,00-0031972,21.603123,WR,17.357177734375,4.245944976806641,278.0
240,275,DST27,254.0,,New York Giants,DST,11,00-000026,93.89778,DST,90.17571258544922,3.7220687866210938,279.0
477,748,TE124,624.0,,Lee Smith,,,00-0028097,26.298006,TE,22.66002082824707,3.6379852294921875,280.0
517,893,TE163,784.0,,MyCole Pruitt,,,00-0031585,26.251072,TE,22.66002082824707,3.5910511016845703,281.0
281,329,WR109,566.5,,Chris Moore,TEN,11,00-0032398,19.593496,WR,17.357177734375,2.236318588256836,282.0
528,946,TE180,840.0,,Ross Dwelley,SF,4,00-0034073,24.570705,TE,22.66002082824707,1.910684585571289,283.0
227,258,RB69,408.4,,Rex Burkhead,,,00-0030288,95.605484,RB,93.71167755126953,1.8938064575195312,284.0
421,632,WR201,498.0,,Brandon Zylstra,,,00-0034052,18.243357,WR,17.357177734375,0.8861789703369141,285.0
131,150,RB51,149.2,,Ronald Jones,DAL,8,00-0034816,94.56559,RB,93.71167755126953,0.853912353515625,286.0
323,415,WR132,319.0,,De'Anthony Thomas,,,00-0031060,17.877596,WR,17.357177734375,0.5204181671142578,287.0
501,838,TE147,724.0,,Durham Smythe,MIA,5,00-0034798,23.039148,TE,22.66002082824707,0.37912750244140625,288.0
27,28,RB13,29.3,,Kerryon Johnson,,,00-0034349,93.97332,RB,93.71167755126953,0.2616424560546875,289.0
70,79,DST1,83.7,,Chicago Bears,DST,6,00-000018,90.17571,DST,90.17571258544922,0.0,290.0
83,95,RB35,99.2,,Jordan Howard,,,00-0032780,93.71168,RB,93.71167755126953,0.0,290.0
20,21,WR8,21.0,,Antonio Brown,,,00-0027793,17.357178,WR,17.357177734375,0.0,290.0
68,76,QB6,78.5,,Drew Brees,,,00-0020531,221.56175,QB,221.56175231933594,0.0,290.0
77,89,TE9,92.3,,David Njoku,CLE,7,00-0033885,22.66002,TE,22.66002082824707,0.0,290.0
415,616,TE91,478.0,,Luke Willson,,,00-0030089,22.552216,TE,22.66002082824707,-0.10780525207519531,295.0
278,326,WR107,535.7,,Michael Crabtree,,,00-0026986,16.916681,WR,17.357177734375,-0.44049644470214844,296.0
298,359,TE43,554.7,,Vernon Davis,,,00-0024221,21.83282,TE,22.66002082824707,-0.8271999359130859,297.0
469,736,WR229,612.0,,Ryan Switzer,,,00-0033562,16.37484,WR,17.357177734375,-0.9823379516601562,298.0
318,410,WR131,380.0,,Russell Shepard,,,00-0030147,14.749041,WR,17.357177734375,-2.6081371307373047,299.0
538,1034,TE187,935.0,,Tyler Kroft,MIA,5,00-0032214,19.732876,TE,22.66002082824707,-2.927145004272461,300.0
460,710,TE117,585.0,,Tyler Conklin,NYJ,4,00-0034270,19.722416,TE,22.66002082824707,-2.9376049041748047,301.0
282,330,RB85,319.5,,Cordarrelle Patterson,ATL,9,00-0030578,89.90469,RB,93.71167755126953,-3.8069839477539062,302.0
342,460,WR150,507.0,,Jordan Matthews,,,00-0031299,12.67092,WR,17.357177734375,-4.686257362365723,303.0
261,300,DST30,492.3,,Arizona Cardinals,DST,12,00-000030,85.35118,DST,90.17571258544922,-4.824531555175781,304.0
518,895,WR288,786.0,,Ryan Grant,,,00-0031068,12.255832,WR,17.357177734375,-5.101346015930176,305.0
326,422,WR136,632.0,,Chad Beebe,,,00-0034309,11.942595,WR,17.357177734375,-5.414583206176758,306.0
374,526,WR175,398.0,,Austin Carr,,,00-0033382,11.655442,WR,17.357177734375,-5.701735496520996,307.0
339,453,TE63,347.0,,Lance Kendricks,,,00-0027985,15.703792,TE,22.66002082824707,-6.956229209899902,308.0
277,325,DST32,312.5,,Cincinnati Bengals,DST,9,00-000031,82.16352,DST,90.17571258544922,-8.012191772460938,309.0
245,283,DST28,280.0,,Las Vegas Raiders,DST,,00-000029,81.9086,DST,90.17571258544922,-8.267112731933594,310.0
113,129,DST6,133.0,,Los Angeles Chargers,DST,12,00-000027,81.42829,DST,90.17571258544922,-8.747421264648438,311.0
451,689,WR213,560.0,,Josh Bellamy,,,00-0029319,8.453213,WR,17.357177734375,-8.90396499633789,312.0
437,666,TE106,534.0,,Joshua Perkins,,,00-0032599,13.58552,TE,22.66002082824707,-9.074501037597656,313.0
324,416,WR133,427.0,,Taywan Taylor,,,00-0033911,7.7108755,WR,17.357177734375,-9.646302223205566,314.0
225,256,DST26,406.6,,Detroit Lions,DST,5,00-000028,80.500916,DST,90.17571258544922,-9.674797058105469,315.0
470,737,WR230,613.0,,Chad Williams,,,00-0033933,7.46027,WR,17.357177734375,-9.896907806396484,316.0
481,761,WR244,638.0,,Deontay Burnett,,,00-0034653,7.3842993,WR,17.357177734375,-9.972878456115723,317.0
479,754,WR239,631.0,,T.J. Jones,,,00-0031189,5.362929,WR,17.357177734375,-11.994248867034912,318.0
410,596,WR190,450.0,,J.J. Nelson,,,00-0032112,5.2674465,WR,17.357177734375,-12.089731216430664,319.0
375,528,TE74,399.0,,Levine Toilolo,,,00-0030443,10.399166,TE,22.66002082824707,-12.260854721069336,320.0
487,776,WR249,655.0,,Cody Core,,,00-0032795,4.928842,WR,17.357177734375,-12.428335666656494,321.0
412,600,WR192,454.0,,Dwayne Harris,,,00-0028114,4.368266,WR,17.357177734375,-12.988911628723145,322.0
495,804,TE133,687.0,,Scott Simonson,,,00-0031167,8.1293,TE,22.66002082824707,-14.530720710754395,323.0
246,284,DST29,282.0,,Miami Dolphins,DST,5,00-000032,74.937904,DST,90.17571258544922,-15.237808227539062,324.0
198,226,QB29,246.6,,Andy Dalton,CAR,7,00-0027973,206.19604,QB,221.56175231933594,-15.365707397460938,325.0
337,444,TE60,339.0,,Dalton Schultz,HOU,10,00-0034383,6.05701,TE,22.66002082824707,-16.603010654449463,326.0
357,481,RB124,682.0,,Jordan Wilkins,,,00-0034400,77.092186,RB,93.71167755126953,-16.619491577148438,327.0
343,461,TE65,352.0,,Xavier Grimble,,,00-0031035,5.944131,TE,22.66002082824707,-16.715889930725098,328.0
271,315,TE36,528.7,,Jordan Thomas,CAR,7,00-0034420,5.6023955,TE,22.66002082824707,-17.05762529373169,329.0
523,930,TE176,823.0,,Darrell Daniels,,,00-0033258,5.509527,TE,22.66002082824707,-17.150493621826172,330.0
438,667,TE107,536.0,,Eric Saubert,MIA,5,00-0033576,5.4828353,TE,22.66002082824707,-17.177185535430908,331.0
464,718,TE118,594.0,,Chris Manhertz,DEN,10,00-0031484,5.138389,TE,22.66002082824707,-17.521631717681885,332.0
381,537,RB141,702.5,,DeAndre Washington,,,00-0032940,74.27639,RB,93.71167755126953,-19.435287475585938,333.0
205,234,RB64,367.0,,Malcolm Brown,,,00-0031806,73.45769,RB,93.71167755126953,-20.253990173339844,334.0
417,621,TE94,484.0,,Eric Tomlinson,,,00-0031690,2.0808375,TE,22.66002082824707,-20.579183340072632,335.0
100,114,QB14,118.2,,Lamar Jackson,BAL,8,00-0034796,200.70357,QB,221.56175231933594,-20.858184814453125,336.0
365,496,RB129,377.0,,Brandon Bolden,LV,,00-0029239,68.50473,RB,93.71167755126953,-25.206947326660156,337.0
349,468,RB122,357.0,,C.J. Ham,MIN,12,00-0032918,64.905846,RB,93.71167755126953,-28.805831909179688,338.0
154,175,QB24,190.3,,Sam Darnold,SF,4,00-0034869,191.64137,QB,221.56175231933594,-29.920379638671875,339.0
231,262,RB71,407.8,,Chase Edmonds,TB,7,00-0034681,62.237564,RB,93.71167755126953,-31.47411346435547,340.0
86,99,RB37,102.5,,Rashaad Penny,PHI,10,00-0034750,61.05533,RB,93.71167755126953,-32.656349182128906,341.0
126,144,RB49,146.8,,Justin Jackson,,,00-0034440,60.894707,RB,93.71167755126953,-32.81697082519531,342.0
284,332,RB86,566.0,,Brian Hill,,,00-0033567,59.749077,RB,93.71167755126953,-33.96260070800781,343.0
334,440,RB117,653.0,,Kyle Juszczyk,SF,4,00-0029892,57.05755,RB,93.71167755126953,-36.65412902832031,344.0
364,495,QB49,665.0,,Ryan Tannehill,TEN,11,00-0029701,184.83685,QB,221.56175231933594,-36.72489929199219,345.0
488,780,RB209,659.0,,J.D. McKissic,,,00-0032602,55.418434,RB,93.71167755126953,-38.293243408203125,346.0
253,292,RB75,471.0,,Wayne Gallman,Jr.,,00-0033950,50.013626,RB,93.71167755126953,-43.69805145263672,347.0
316,404,RB102,302.0,,Ameer Abdullah,LV,,00-0032104,49.610077,RB,93.71167755126953,-44.101600646972656,348.0
208,237,RB67,377.2,,Mike Davis,,,00-0032063,48.45686,RB,93.71167755126953,-45.254817962646484,349.0
213,243,RB68,397.4,,T.J. Yeldon,,,00-0032209,44.037342,RB,93.71167755126953,-49.67433547973633,350.0
330,427,RB112,634.0,,Devontae Booker,,,00-0032972,43.077515,RB,93.71167755126953,-50.63416290283203,351.0
369,507,RB134,384.0,,Zach Line,,,00-0029931,38.282677,RB,93.71167755126953,-55.42900085449219,352.0
393,558,RB146,421.0,,Elijhaa Penny,,,00-0032813,37.130962,RB,93.71167755126953,-56.58071517944336,353.0
325,417,RB109,320.0,,Derek Watt,,,00-0032897,33.360607,RB,93.71167755126953,-60.351070404052734,354.0
525,938,RB248,832.0,,Kenjon Barner,,,00-0030465,32.983524,RB,93.71167755126953,-60.728153228759766,355.0
385,545,RB143,706.0,,Mark Walton,,,00-0034679,32.889545,RB,93.71167755126953,-60.8221321105957,356.0
207,236,RB66,260.2,,Jay Ajayi,,,00-0031590,32.465164,RB,93.71167755126953,-61.24651336669922,357.0
259,298,RB77,497.3,,Dontrell Hilliard,,,00-0034253,30.699568,RB,93.71167755126953,-63.01210975646973,358.0
494,802,RB218,685.0,,Alex Armah,WAS,10,00-0033296,29.050974,RB,93.71167755126953,-64.66070365905762,359.0
402,577,RB152,434.0,,Patrick DiMarco,,,00-0028581,27.835663,RB,93.71167755126953,-65.87601470947266,360.0
452,690,RB185,561.0,,Keith Smith,ATL,9,00-0030968,27.070555,RB,93.71167755126953,-66.64112281799316,361.0
427,640,RB170,508.0,,Javorius Allen,,,00-0031577,26.754126,RB,93.71167755126953,-66.95755195617676,362.0
373,521,RB137,394.0,,Dwayne Washington,,,00-0032450,24.48359,RB,93.71167755126953,-69.22808837890625,363.0
336,443,RB118,407.0,,Zach Zenner,,,00-0031665,24.252632,RB,93.71167755126953,-69.45904541015625,364.0
273,319,QB35,535.7,,Case Keenum,HOU,10,00-0028986,151.93979,QB,221.56175231933594,-69.62196350097656,365.0
396,568,RB150,702.0,,Mike Boone,HOU,10,00-0034208,22.304926,RB,93.71167755126953,-71.40675163269043,366.0
333,438,RB116,480.5,,Spencer Ware,,,00-0030414,22.14158,RB,93.71167755126953,-71.57009696960449,367.0
376,529,RB139,400.0,,Andy Janovich,,,00-0032956,21.472235,RB,93.71167755126953,-72.23944282531738,368.0
320,412,RB108,316.0,,Anthony Sherman,,,00-0028074,21.437263,RB,93.71167755126953,-72.2744140625,369.0
504,842,RB231,728.0,,Jonathan Williams,WAS,10,00-0032975,19.091566,RB,93.71167755126953,-74.6201114654541,370.0
180,204,RB60,206.2,,C.J. Anderson,,,00-0029854,18.069973,RB,93.71167755126953,-75.64170455932617,371.0
407,588,RB155,442.0,,Josh Adams,,,00-0034457,16.799911,RB,93.71167755126953,-76.9117660522461,372.0
263,302,TE34,318.7,,Taysom Hill,NO,9,00-0033357,138.69678,QB,221.56175231933594,-82.86497497558594,373.0
250,289,RB74,292.0,,Marshawn Lynch,,,00-0025399,10.149643,RB,93.71167755126953,-83.5620346069336,374.0
508,856,RB235,744.0,,Tyler Ervin,,,00-0032404,9.525184,RB,93.71167755126953,-84.18649387359619,375.0
406,585,RB154,439.0,,Roosevelt Nix,,,00-0030741,9.200808,RB,93.71167755126953,-84.5108699798584,376.0
380,535,RB140,404.0,,Jamize Olawale,,,00-0029492,8.318673,RB,93.71167755126953,-85.39300441741943,377.0
256,295,RB76,480.0,,Alfred Morris,,,00-0029141,6.3127193,RB,93.71167755126953,-87.39895820617676,378.0
418,625,RB165,489.0,,John Kelly,CLE,7,00-0034808,5.7392673,RB,93.71167755126953,-87.97241020202637,379.0
490,790,RB213,671.0,,Ricky Ortiz,,,00-0033374,5.543327,RB,93.71167755126953,-88.16835069656372,380.0
511,865,RB237,755.0,,De'Lance Turner,,,00-0034201,5.1549067,RB,93.71167755126953,-88.55677080154419,381.0
459,708,RB191,583.0,,Taiwan Jones,,,00-0028063,4.4553714,RB,93.71167755126953,-89.25630617141724,382.0
397,569,RB151,429.0,,Samaje Perine,DEN,10,00-0033526,3.3901792,RB,93.71167755126953,-90.32149839401245,383.0
152,173,QB23,188.2,,Matthew Stafford,LAR,9,00-0026498,123.12563,QB,221.56175231933594,-98.43611907958984,384.0
188,213,QB26,220.0,,Marcus Mariota,PHI,10,00-0032268,107.95474,QB,221.56175231933594,-113.60700988769531,385.0
191,217,QB27,233.2,,Jacoby Brissett,WAS,10,00-0033119,107.22154,QB,221.56175231933594,-114.3402099609375,386.0
366,499,QB50,379.0,,Teddy Bridgewater,,,00-0031237,71.558075,QB,221.56175231933594,-150.00367736816406,387.0
179,203,QB25,204.6,,Nick Foles,,,00-0029567,69.349464,QB,221.56175231933594,-152.21228790283203,388.0
214,245,QB30,248.0,,Eli Manning,,,00-0022803,63.691246,QB,221.56175231933594,-157.8705062866211,389.0
398,570,QB61,446.5,,Tyrod Taylor,NYG,11,00-0028118,59.028816,QB,221.56175231933594,-162.5329360961914,390.0
268,310,QB34,519.0,,Josh Rosen,,,00-0034343,54.369526,QB,221.56175231933594,-167.1922264099121,391.0
534,1016,QB121,915.0,,Jeff Driskel,ARI,12,00-0032436,39.939095,QB,221.56175231933594,-181.6226577758789,392.0
408,593,QB69,447.0,,Chase Daniel,,,00-0026544,35.106148,QB,221.56175231933594,-186.45560455322266,393.0
420,628,QB76,493.0,,Matt Schaub,,,00-0022787,31.827528,QB,221.56175231933594,-189.734224319458,394.0
292,342,QB36,335.0,,Blake Bortles,,,00-0031407,31.110474,QB,221.56175231933594,-190.45127868652344,395.0
432,654,QB81,522.0,,Brian Hoyer,LV,,00-0026625,24.692549,QB,221.56175231933594,-196.86920356750488,396.0
539,1035,QB125,936.0,,Josh McCown,,,00-0021206,20.791965,QB,221.56175231933594,-200.7697868347168,397.0
441,672,QB87,541.0,,Sean Mannion,,,00-0032245,19.976408,QB,221.56175231933594,-201.5853443145752,398.0
489,783,QB98,662.0,,Mike Glennon,,,00-0030520,17.617748,QB,221.56175231933594,-203.9440040588379,399.0
543,1042,QB127,962.0,,Nick Mullens,MIN,12,00-0033319,14.51557,QB,221.56175231933594,-207.0461826324463,400.0
401,574,QB63,446.0,,AJ McCarron,,,00-0031288,12.610646,QB,221.56175231933594,-208.95110607147217,401.0
541,1037,QB126,945.0,,Colt McCoy,ARI,12,00-0027688,9.849187,QB,221.56175231933594,-211.7125654220581,402.0
